<?xml version="1.0" encoding="UTF-8"?>
<beans xmlns="http://www.springframework.org/schema/beans"
	xmlns:xsi="http://www.w3.org/2001/XMLSchema-instance"
	xmlns:tx="http://www.springframework.org/schema/tx"
	xmlns:mybatis-spring="http://mybatis.org/schema/mybatis-spring"
	xmlns:context="http://www.springframework.org/schema/context"
	xsi:schemaLocation="http://mybatis.org/schema/mybatis-spring http://mybatis.org/schema/mybatis-spring-1.2.xsd
		http://www.springframework.org/schema/beans https://www.springframework.org/schema/beans/spring-beans.xsd
		http://www.springframework.org/schema/context http://www.springframework.org/schema/context/spring-context-4.3.xsd
		http://www.springframework.org/schema/tx http://www.springframework.org/schema/tx/spring-tx-4.3.xsd">
	
	<!-- Root Context: defines shared resources visible to all other web components -->
	<!-- Root Context: defines shared resources visible to all other web components -->
	<!-- hikariConfig 설정 : DB설정 -->
	<bean id="hikariConfig" class="com.zaxxer.hikari.HikariConfig">
		<property name="driverClassName" value="com.mysql.cj.jdbc.Driver"/> <!-- name들은 hikari가 가지는 변수로 들어가짐 -->
		<property name="jdbcUrl" value="jdbc:mysql://localhost:3306/springdb?useSSL=false&amp;serverTimezone=Asia/Seoul&amp;characterEncoding=UTF-8"/> 
		<property name="username" value="root"/> 
		<property name="password" value="root"/> 
	</bean>
	
	<!-- dataSource -->	
	<bean id="dataSource" class="com.zaxxer.hikari.HikariDataSource" destroy-method="close">
		<constructor-arg ref="hikariConfig"/> <!-- 생성자에 인자값으로 ref -->
	</bean>
	
	<!-- SqlSessionFactoryBean 필요 : MySql을 쓰기 위해 -->
	<bean id="sqlSessionFactoryBean" class="org.mybatis.spring.SqlSessionFactoryBean">
		<property name="dataSource" ref="dataSource"/>
	</bean>
	
	<!-- 트랜잭션 -->
	<bean id="transactionManager" class="org.springframework.jdbc.datasource.DataSourceTransactionManager">
		<property name="dataSource" ref="dataSource"/>
	</bean>
	<tx:annotation-driven/> <!-- 알아서 주입 -->
	
	<!-- mapper 찾을 수 있도록 -->
	<mybatis-spring:scan base-package="com.mysecurity.mapper"/>
	<context:component-scan base-package="com.mysecurity.service, com.mysecurity.repository"/>
</beans>
